<?xml version="1.0" encoding="UTF-8"?>

<marcadores>
    <marcador>
        <titulo> Abrirllave </titulo>
        <descripcion> Tutoriales de informatica </descripcion>
        <url> http://www.abrirllave.com </url>
    </marcador>
    <marcador>
        <titulo> Wikipedia </titulo>
        <descripcion> La enciclopedia libre </descripcion>
        <url> http://www.wikipedia.org </url>
    </marcador>
    <marcador>
        <titulo> W3C </titulo>
        <descripcion> World Wide Web Consortium </descripcion>
        <url> http://www.w3.org </url>
    </marcador>
</marcadores>
